[
  {
    "value": "Desk Megatron",
    "synonyms": [
      "Desk Megatron",
      "Megatron"
    ]
  },
  {
    "value": "Desk Starscream",
    "synonyms": [
      "Desk Starscream",
      "Starscream"
    ]
  },
  {
    "value": "Desk Soundwave",
    "synonyms": [
      "Desk Soundwave",
      "Soundwave"
    ]
  },
  {
    "value": "Desk Shockwave",
    "synonyms": [
      "Desk Shockwave",
      "Shockwave"
    ]
  },
  {
    "value": "Desk Knockout",
    "synonyms": [
      "Desk Knockout",
      "Knockout"
    ]
  },
  {
    "value": "Desk Galvatron",
    "synonyms": [
      "Desk Galvatron",
      "Galvatron"
    ]
  },
  {
    "value": "Desk Skywarp",
    "synonyms": [
      "Desk Skywarp",
      "Skywarp"
    ]
  },
  {
    "value": "Desk Thundercracker",
    "synonyms": [
      "Desk Thundercracker",
      "Thundercracker"
    ]
  }
]