[
  {
    "value": "Russell Clay",
    "synonyms": [
      "Russell Clay",
      "Russel",
      "Clay"
    ]
  },
  {
    "value": "Jack Darby",
    "synonyms": [
      "Jack Darby",
      "Jack",
      "Darby"
    ]
  },
  {
    "value": "Peter Cullen",
    "synonyms": [
      "Peter Cullen",
      "Peter",
      "Cullen"
    ]
  },
  {
    "value": "Vince Dicola",
    "synonyms": [
      "Vince Dicola",
      "Vince",
      "Dicola"
    ]
  },
  {
    "value": "Edgar Arkeville",
    "synonyms": [
      "Edgar Arkeville",
      "Edgar",
      "Arkeville"
    ]
  },
  {
    "value": "Carlos Lopez",
    "synonyms": [
      "Carlos Lopez",
      "Carlos",
      "Lopez"
    ]
  },
  {
    "value": "Frank Welker",
    "synonyms": [
      "Frank Welker",
      "Frank",
      "Welker"
    ]
  },
  {
    "value": "Tobias Hawk",
    "synonyms": [
      "Tobias Hawk",
      "Tobias",
      "Hawk"
    ]
  },
  {
    "value": "Walter Barnet",
    "synonyms": [
      "Walter Barnet",
      "Walter",
      "Barnet"
    ]
  },
  {
    "value": "Dylan Gould",
    "synonyms": [
      "Dylan Gould",
      "Dylan",
      "Gould"
    ]
  },
  {
    "value": "Mickaela Banes",
    "synonyms": [
      "Mickaela Banes",
      "Mickaela",
      "Banes"
    ]
  },
  {
    "value": "Joshua Joyce",
    "synonyms": [
      "Joshua Joyce",
      "Joshua",
      "Joyce"
    ]
  }
]