[
  {
    "id": "049d8607-be4d-4ac0-8065-90ddfcada9bc",
    "data": [
      {
        "text": "battery",
        "userDefined": false
      }
    ],
    "isTemplate": false,
    "count": 0,
    "updated": 1521249634
  },
  {
    "id": "cc6f429e-d138-40a8-a7a6-42339613df66",
    "data": [
      {
        "text": "How\u0027s the battery ?",
        "userDefined": false
      }
    ],
    "isTemplate": false,
    "count": 0,
    "updated": 1521141477
  },
  {
    "id": "b4ee1f3a-1be7-4ea0-a7b9-e51c8fab893a",
    "data": [
      {
        "text": "How are the battery levels ?",
        "userDefined": false
      }
    ],
    "isTemplate": false,
    "count": 0,
    "updated": 1521141477
  },
  {
    "id": "b7680633-3e34-4be4-8cf8-52f58ed78684",
    "data": [
      {
        "text": "How are the batteries",
        "userDefined": false
      }
    ],
    "isTemplate": false,
    "count": 0,
    "updated": 1521141477
  },
  {
    "id": "c0411dfa-5733-42bb-b541-63c4b2268488",
    "data": [
      {
        "text": "What\u0027s the battery status?",
        "userDefined": false
      }
    ],
    "isTemplate": false,
    "count": 0,
    "updated": 1521141477
  },
  {
    "id": "5f8da4d0-cc60-4f35-8d5d-13c1ce883810",
    "data": [
      {
        "text": "Do I need to charge the robot?",
        "userDefined": false
      }
    ],
    "isTemplate": false,
    "count": 0,
    "updated": 1521141477
  }
]