[
  {
    "id": "f98fa7be-3cd6-448a-967e-45b738c7110f",
    "data": [
      {
        "text": "Return to base",
        "userDefined": false
      }
    ],
    "isTemplate": false,
    "count": 0,
    "updated": 1521151982
  },
  {
    "id": "9ab5a4d8-0f34-41a5-a27c-b2a717b01b71",
    "data": [
      {
        "text": "Make Spam return to base",
        "userDefined": false
      }
    ],
    "isTemplate": false,
    "count": 0,
    "updated": 1521151982
  },
  {
    "id": "ef4ab9d1-b09f-4033-89f9-732bfb0f71ca",
    "data": [
      {
        "text": "Return to the reception",
        "userDefined": false
      }
    ],
    "isTemplate": false,
    "count": 0,
    "updated": 1521076806
  },
  {
    "id": "7f0ef6b4-9017-4277-90b6-03f81843238a",
    "data": [
      {
        "text": "Come back to reception",
        "userDefined": false
      }
    ],
    "isTemplate": false,
    "count": 0,
    "updated": 1521076806
  },
  {
    "id": "2a941b6b-428d-4f09-abf4-e0bfe8f67b4d",
    "data": [
      {
        "text": "Come back",
        "userDefined": false
      }
    ],
    "isTemplate": false,
    "count": 0,
    "updated": 1521076806
  }
]