[
  {
    "id": "d3e29f7d-6c9d-491b-b764-7bc47b084734",
    "data": [
      {
        "text": "Are the bricks connected ?",
        "userDefined": false
      }
    ],
    "isTemplate": false,
    "count": 0,
    "updated": 1521152755
  },
  {
    "id": "2aa37ea9-375c-45a0-bfd4-6b08969fd071",
    "data": [
      {
        "text": "What\u0027s the connection status?",
        "userDefined": false
      }
    ],
    "isTemplate": false,
    "count": 0,
    "updated": 1521152755
  },
  {
    "id": "85ab7cdb-e365-4ccb-b9fa-6bf5ab1ec272",
    "data": [
      {
        "text": "Are you connected to the robot?",
        "userDefined": false
      }
    ],
    "isTemplate": false,
    "count": 0,
    "updated": 1521152755
  },
  {
    "id": "f6a2217d-7412-4c6c-8aef-6eaf58aa89aa",
    "data": [
      {
        "text": "Is the robot connected?",
        "userDefined": false
      }
    ],
    "isTemplate": false,
    "count": 0,
    "updated": 1521152755
  },
  {
    "id": "8f749a77-6597-45f9-83e2-a129afb89a3e",
    "data": [
      {
        "text": "Is it connected?",
        "userDefined": false
      }
    ],
    "isTemplate": false,
    "count": 0,
    "updated": 1521152755
  },
  {
    "id": "8391d339-e96a-4c8b-a73b-dcca2f2b93e8",
    "data": [
      {
        "text": "Is the robot on?",
        "userDefined": false
      }
    ],
    "isTemplate": false,
    "count": 0,
    "updated": 1521152755
  }
]