[
  {
    "id": "6fdee42d-158a-4560-b3f4-51576417a54a",
    "data": [
      {
        "text": "Start delivery with a parcel for ",
        "userDefined": false
      },
      {
        "text": "Russel",
        "alias": "user",
        "meta": "@user",
        "userDefined": false
      }
    ],
    "isTemplate": false,
    "count": 0,
    "updated": 1521079590
  },
  {
    "id": "e539dce1-af9c-44a5-84ea-de36f6ba285f",
    "data": [
      {
        "text": "Start delivery",
        "userDefined": false
      }
    ],
    "isTemplate": false,
    "count": 0,
    "updated": 1521079590
  },
  {
    "id": "524ae69e-e6ed-4034-ad26-56c73e8c3724",
    "data": [
      {
        "text": "Go deliver with parcel for ",
        "userDefined": false
      },
      {
        "text": "Russel",
        "alias": "user",
        "meta": "@user",
        "userDefined": false
      }
    ],
    "isTemplate": false,
    "count": 1,
    "updated": 1521079495
  },
  {
    "id": "61194bb3-6355-42e8-a0c5-9d79c520aedb",
    "data": [
      {
        "text": "Go deliver",
        "userDefined": false
      }
    ],
    "isTemplate": false,
    "count": 0,
    "updated": 1521079495
  },
  {
    "id": "4aba9218-2b00-4902-aa0f-2df7fe9e43b6",
    "data": [
      {
        "text": "Start delivering with parcel for ",
        "userDefined": false
      },
      {
        "text": "Russel",
        "alias": "user",
        "meta": "@user",
        "userDefined": false
      }
    ],
    "isTemplate": false,
    "count": 0,
    "updated": 1521079495
  },
  {
    "id": "a2ac9933-0263-498f-8b33-a7b105a3abc8",
    "data": [
      {
        "text": "Start delivering",
        "userDefined": false
      }
    ],
    "isTemplate": false,
    "count": 0,
    "updated": 1521079495
  },
  {
    "id": "b7c05759-42ce-4ef2-b978-93636e0a7ef2",
    "data": [
      {
        "text": "There\u0027s a parcel for ",
        "userDefined": false
      },
      {
        "text": "Russel",
        "alias": "user",
        "meta": "@user",
        "userDefined": false
      },
      {
        "text": " and ready to go",
        "userDefined": false
      }
    ],
    "isTemplate": false,
    "count": 0,
    "updated": 1521079495
  },
  {
    "id": "9cf56fd2-2f64-489d-a718-d6f3a1d5f90e",
    "data": [
      {
        "text": "Spam is ready and there\u0027s a parcel for ",
        "userDefined": false
      },
      {
        "text": "Russel",
        "alias": "user",
        "meta": "@user",
        "userDefined": false
      }
    ],
    "isTemplate": false,
    "count": 0,
    "updated": 1521079495
  },
  {
    "id": "24dc016c-0acd-4518-890f-1f530f0a4d87",
    "data": [
      {
        "text": "Spam is ready to go",
        "userDefined": false
      }
    ],
    "isTemplate": false,
    "count": 0,
    "updated": 1521079495
  }
]