[
  {
    "id": "e7d10a9e-1f0a-42d7-a378-0a83993c4bce",
    "data": [
      {
        "text": "I want to know where someone works.",
        "userDefined": false
      }
    ],
    "isTemplate": false,
    "count": 0,
    "updated": 1521078486
  },
  {
    "id": "2e383d43-da24-4ab4-93dc-c328a490495e",
    "data": [
      {
        "text": "Where\u0027s ",
        "userDefined": false
      },
      {
        "text": "Russel",
        "alias": "user",
        "meta": "@user",
        "userDefined": false
      },
      {
        "text": "?",
        "userDefined": false
      }
    ],
    "isTemplate": false,
    "count": 0,
    "updated": 1521078486
  },
  {
    "id": "0541b48d-9a3b-4661-8eb6-aac488f5f3b2",
    "data": [
      {
        "text": "Where can I find ",
        "userDefined": false
      },
      {
        "text": "Russel",
        "alias": "user",
        "meta": "@user",
        "userDefined": false
      },
      {
        "text": "?",
        "userDefined": false
      }
    ],
    "isTemplate": false,
    "count": 0,
    "updated": 1521078486
  },
  {
    "id": "9b007323-ba12-4ec5-a715-1da5c6ef08d9",
    "data": [
      {
        "text": "What is ",
        "userDefined": false
      },
      {
        "text": "Russel",
        "alias": "user",
        "meta": "@user",
        "userDefined": false
      },
      {
        "text": "\u0027s desk",
        "userDefined": false
      }
    ],
    "isTemplate": false,
    "count": 0,
    "updated": 1521078486
  },
  {
    "id": "f57af252-ec6a-4f2d-a2a0-25894ac9c42f",
    "data": [
      {
        "text": "Where does ",
        "userDefined": false
      },
      {
        "text": "Russel",
        "alias": "user",
        "meta": "@user",
        "userDefined": false
      },
      {
        "text": " work?",
        "userDefined": false
      }
    ],
    "isTemplate": false,
    "count": 0,
    "updated": 1521078486
  }
]