[
  {
    "id": "bc6952b6-1eb5-4b76-a642-076ddfdd9a9d",
    "data": [
      {
        "text": "Help",
        "userDefined": false
      }
    ],
    "isTemplate": false,
    "count": 0,
    "updated": 1521076403
  },
  {
    "id": "fd8ea271-7fc8-4d17-9f1a-a9462b063356",
    "data": [
      {
        "text": "Can you help me?",
        "userDefined": false
      }
    ],
    "isTemplate": false,
    "count": 0,
    "updated": 1521076403
  },
  {
    "id": "b4191ad3-cbcd-4bfd-9208-26b6426346e8",
    "data": [
      {
        "text": "What can I ask?",
        "userDefined": false
      }
    ],
    "isTemplate": false,
    "count": 0,
    "updated": 1521076403
  },
  {
    "id": "3aa79a82-5237-45d3-b357-665cba570284",
    "data": [
      {
        "text": "What can I do?",
        "userDefined": false
      }
    ],
    "isTemplate": false,
    "count": 0,
    "updated": 1521076403
  }
]