[
  {
    "id": "d9f5c5fa-6b37-4802-96c5-67172383263e",
    "data": [
      {
        "text": "Where are you trying to get to ?",
        "userDefined": false
      }
    ],
    "isTemplate": false,
    "count": 0,
    "updated": 1521075526
  },
  {
    "id": "6145f428-5de5-4927-813b-7462b50d418a",
    "data": [
      {
        "text": "What\u0027s the robot\u0027s location?",
        "userDefined": false
      }
    ],
    "isTemplate": false,
    "count": 0,
    "updated": 1521075308
  },
  {
    "id": "50475b13-0300-4df5-a6c2-ec15c9194977",
    "data": [
      {
        "text": "What\u0027s your location?",
        "userDefined": false
      }
    ],
    "isTemplate": false,
    "count": 0,
    "updated": 1521075308
  },
  {
    "id": "1b1f4e57-bf55-4c42-9889-a0b7501f9eb7",
    "data": [
      {
        "text": "Where\u0027s the robot?",
        "userDefined": false
      }
    ],
    "isTemplate": false,
    "count": 0,
    "updated": 1521075308
  },
  {
    "id": "2a9c0e0f-3538-476d-a196-19c920f20edd",
    "data": [
      {
        "text": "Where are you ?",
        "userDefined": false
      }
    ],
    "isTemplate": false,
    "count": 0,
    "updated": 1521075308
  },
  {
    "id": "8bb9f75a-0972-4d86-808f-bc9875e2ca9e",
    "data": [
      {
        "text": "Where are you going ?",
        "userDefined": false
      }
    ],
    "isTemplate": false,
    "count": 0,
    "updated": 1521075308
  }
]