[
  {
    "id": "054ff7cd-cfe7-4a4c-9bb3-5654d6b99898",
    "data": [
      {
        "text": "Read my notifications",
        "userDefined": false
      }
    ],
    "isTemplate": false,
    "count": 0,
    "updated": 1521250105
  },
  {
    "id": "ab7096e3-6b66-4b7c-b3c4-c8ce6bdf3ae4",
    "data": [
      {
        "text": "How many notifications do I have ?",
        "userDefined": false
      }
    ],
    "isTemplate": false,
    "count": 0,
    "updated": 1521153213
  },
  {
    "id": "92279942-633c-49ca-bfdc-773ff40e59b0",
    "data": [
      {
        "text": "Is there any problem ?",
        "userDefined": false
      }
    ],
    "isTemplate": false,
    "count": 0,
    "updated": 1521153213
  },
  {
    "id": "81871309-619c-40b0-a87e-c72bc6714ab7",
    "data": [
      {
        "text": "Any problem reported ?",
        "userDefined": false
      }
    ],
    "isTemplate": false,
    "count": 0,
    "updated": 1521153213
  },
  {
    "id": "26a59afd-3e80-411d-9a6d-c1d94f4bbe3b",
    "data": [
      {
        "text": "Any notification on the robot ?",
        "userDefined": false
      }
    ],
    "isTemplate": false,
    "count": 0,
    "updated": 1521153213
  },
  {
    "id": "94eae3b9-2b9f-4c4e-956f-55c3dde7625a",
    "data": [
      {
        "text": "Any updates on the robot?",
        "userDefined": false
      }
    ],
    "isTemplate": false,
    "count": 0,
    "updated": 1521153213
  },
  {
    "id": "b53643b1-17ce-4a4a-b5d8-5188e7fd54da",
    "data": [
      {
        "text": "What are my new notifications?",
        "userDefined": false
      }
    ],
    "isTemplate": false,
    "count": 0,
    "updated": 1521153213
  },
  {
    "id": "6d747b25-5740-4644-a6fe-7ddf0d910a9f",
    "data": [
      {
        "text": "Do I have notifications ?",
        "userDefined": false
      }
    ],
    "isTemplate": false,
    "count": 0,
    "updated": 1521153213
  }
]