[
  {
    "id": "2d90bd9a-e8ea-4140-9a9f-2e54aeccd5e6",
    "data": [
      {
        "text": "that\u0027s correct",
        "userDefined": false
      }
    ],
    "isTemplate": false,
    "count": 0,
    "updated": 1521153326
  },
  {
    "id": "3652c0de-f8af-449b-9597-7ab5f4a1fc35",
    "data": [
      {
        "text": "of course",
        "userDefined": false
      }
    ],
    "isTemplate": false,
    "count": 0,
    "updated": 1521153326
  },
  {
    "id": "b94ca872-9ae7-47f9-8a6e-88dd78162252",
    "data": [
      {
        "text": "I don\u0027t mind",
        "userDefined": false
      }
    ],
    "isTemplate": false,
    "count": 0,
    "updated": 1521153326
  },
  {
    "id": "2abc6adb-e97c-4b21-9155-abac00d7bf65",
    "data": [
      {
        "text": "I agree",
        "userDefined": false
      }
    ],
    "isTemplate": false,
    "count": 1,
    "updated": 1521153326
  },
  {
    "id": "c9276034-3243-4d2f-b179-fcea9a9972cf",
    "data": [
      {
        "text": "sounds good",
        "userDefined": false
      }
    ],
    "isTemplate": false,
    "count": 0,
    "updated": 1521153326
  },
  {
    "id": "e848e5e9-dae9-4863-b686-7ef3df7c62e3",
    "data": [
      {
        "text": "exactly",
        "userDefined": false
      }
    ],
    "isTemplate": false,
    "count": 0,
    "updated": 1521153326
  },
  {
    "id": "7a9f5cda-8410-4ffe-b6f0-6b91c92631a5",
    "data": [
      {
        "text": "yes",
        "userDefined": false
      }
    ],
    "isTemplate": false,
    "count": 0,
    "updated": 1521153326
  },
  {
    "id": "2b319d34-a4fd-4303-ad08-fa7c30935ce7",
    "data": [
      {
        "text": "do it",
        "userDefined": false
      }
    ],
    "isTemplate": false,
    "count": 1,
    "updated": 1521153326
  },
  {
    "id": "433fa9d3-1f9e-42b3-a30b-0e76e71b4ea5",
    "data": [
      {
        "text": "ok",
        "userDefined": false
      }
    ],
    "isTemplate": false,
    "count": 0,
    "updated": 1521153326
  },
  {
    "id": "3e900b9a-5e49-4282-a017-ab19be8ee661",
    "data": [
      {
        "text": "confirm",
        "userDefined": false
      }
    ],
    "isTemplate": false,
    "count": 1,
    "updated": 1521153326
  },
  {
    "id": "cadb68b4-849b-416b-9d28-8fbee8d90838",
    "data": [
      {
        "text": "sure",
        "userDefined": false
      }
    ],
    "isTemplate": false,
    "count": 2,
    "updated": 1521153326
  },
  {
    "id": "569fd67c-609d-434e-81da-f277db915f06",
    "data": [
      {
        "text": "okay",
        "userDefined": false
      }
    ],
    "isTemplate": false,
    "count": 0,
    "updated": 1521153326
  }
]