[
  {
    "id": "88c067e2-c8ce-4e50-a763-da4e306740c2",
    "data": [
      {
        "text": "How many parcels were delivered?",
        "userDefined": false
      }
    ],
    "isTemplate": false,
    "count": 0,
    "updated": 1521250159
  },
  {
    "id": "334c12ae-fcde-4dfb-8ee4-fb31aebe323f",
    "data": [
      {
        "text": "Quantity of parcels delivered",
        "userDefined": false
      }
    ],
    "isTemplate": false,
    "count": 0,
    "updated": 1521076858
  },
  {
    "id": "26f78ce5-0202-4c04-a1b8-4410356c8ee9",
    "data": [
      {
        "text": "How many parcels did you deliver already ?",
        "userDefined": false
      }
    ],
    "isTemplate": false,
    "count": 0,
    "updated": 1521076858
  }
]