[
  {
    "id": "80dfbce3-abf3-4467-b6ff-9c3ee7e49ad0",
    "data": [
      {
        "text": "See you",
        "userDefined": false
      }
    ],
    "isTemplate": false,
    "count": 0,
    "updated": 1521075931
  },
  {
    "id": "ed0de326-84b3-47c7-8669-b6b85a4fd9b3",
    "data": [
      {
        "text": "Goodbye",
        "userDefined": false
      }
    ],
    "isTemplate": false,
    "count": 0,
    "updated": 1521075931
  },
  {
    "id": "8b38fd9e-a1d3-4f0b-b075-2896af84a352",
    "data": [
      {
        "text": "Bye Bye",
        "userDefined": false
      }
    ],
    "isTemplate": false,
    "count": 0,
    "updated": 1521075931
  },
  {
    "id": "18c6dc93-e1e0-45a6-88e5-2a0fe646cfb9",
    "data": [
      {
        "text": "I want to talk to Google.",
        "userDefined": false
      }
    ],
    "isTemplate": false,
    "count": 0,
    "updated": 1521075931
  },
  {
    "id": "a83bc76a-4fbc-45ab-9a6f-b864785c683d",
    "data": [
      {
        "text": "I\u0027m done",
        "userDefined": false
      }
    ],
    "isTemplate": false,
    "count": 0,
    "updated": 1521075931
  },
  {
    "id": "5037bb89-e950-45ee-b2f4-e048ecf9c655",
    "data": [
      {
        "text": "Back to Google.",
        "userDefined": false
      }
    ],
    "isTemplate": false,
    "count": 0,
    "updated": 1521075931
  },
  {
    "id": "f2d2cdb9-bd90-4766-bc38-67d4503ff555",
    "data": [
      {
        "text": "Quit",
        "userDefined": false
      }
    ],
    "isTemplate": false,
    "count": 0,
    "updated": 1521075931
  },
  {
    "id": "8c2fd0d1-9c30-4ac7-a696-975ae082de0f",
    "data": [
      {
        "text": "Exit",
        "userDefined": false
      }
    ],
    "isTemplate": false,
    "count": 0,
    "updated": 1521075931
  },
  {
    "id": "4f9854d6-8f1f-4bcd-99c0-069ab1e3e6a2",
    "data": [
      {
        "text": "That\u0027s all",
        "userDefined": false
      }
    ],
    "isTemplate": false,
    "count": 0,
    "updated": 1521075931
  }
]