[
  {
    "id": "46f1a63e-8c88-4bc3-ae46-1b103e02c0ad",
    "data": [
      {
        "text": "Start the robot again",
        "userDefined": false
      }
    ],
    "isTemplate": false,
    "count": 0,
    "updated": 1521076724
  },
  {
    "id": "b08f7f23-40ac-40b0-9189-140a9173f6f6",
    "data": [
      {
        "text": "Start again",
        "userDefined": false
      }
    ],
    "isTemplate": false,
    "count": 0,
    "updated": 1521076675
  },
  {
    "id": "448ff41f-b337-441a-a8e8-dcc63615be91",
    "data": [
      {
        "text": "Resume",
        "userDefined": false
      }
    ],
    "isTemplate": false,
    "count": 0,
    "updated": 1521076675
  },
  {
    "id": "2ee4393d-ba60-4fff-a292-2dabd3219588",
    "data": [
      {
        "text": "Resume operations",
        "userDefined": false
      }
    ],
    "isTemplate": false,
    "count": 0,
    "updated": 1521076675
  }
]