[
  {
    "id": "b1e6bb42-b6bc-4cbd-bb43-534830930ae2",
    "data": [
      {
        "text": "What is the robot doing ?",
        "userDefined": false
      }
    ],
    "isTemplate": false,
    "count": 0,
    "updated": 1521075583
  },
  {
    "id": "31ec5c5b-8e0f-4d5f-979b-4a1fdd73a4f8",
    "data": [
      {
        "text": "What state is the robot in ?",
        "userDefined": false
      }
    ],
    "isTemplate": false,
    "count": 0,
    "updated": 1521075583
  },
  {
    "id": "7722d001-8f77-4e70-8a37-be44bfd686e1",
    "data": [
      {
        "text": "What are you doing ?",
        "userDefined": false
      }
    ],
    "isTemplate": false,
    "count": 0,
    "updated": 1521075583
  },
  {
    "id": "f5b51ada-386c-46a3-87f6-60cd4151d7ae",
    "data": [
      {
        "text": "What state are you on?",
        "userDefined": false
      }
    ],
    "isTemplate": false,
    "count": 0,
    "updated": 1521075583
  }
]