[
  {
    "id": "fb3fb0ca-eaf0-4390-8ff1-fe1faa840a2c",
    "data": [
      {
        "text": "Stop moving",
        "userDefined": false
      }
    ],
    "isTemplate": false,
    "count": 0,
    "updated": 1521076597
  },
  {
    "id": "5d47bd0c-1414-4b1f-b8b9-71d72e0646a3",
    "data": [
      {
        "text": "Don\u0027t move",
        "userDefined": false
      }
    ],
    "isTemplate": false,
    "count": 0,
    "updated": 1521076597
  },
  {
    "id": "494e705a-43da-4543-abd5-334951795fbb",
    "data": [
      {
        "text": "Stop the robot",
        "userDefined": false
      }
    ],
    "isTemplate": false,
    "count": 0,
    "updated": 1521076597
  },
  {
    "id": "b026f24b-5564-40f1-bc60-479f3bdda824",
    "data": [
      {
        "text": "Stop",
        "userDefined": false
      }
    ],
    "isTemplate": false,
    "count": 0,
    "updated": 1521076597
  }
]