[
  {
    "id": "39c5d57a-9ab9-4ad8-91bb-d2fb4966a3b1",
    "data": [
      {
        "text": "Who works in a desk",
        "userDefined": false
      }
    ],
    "isTemplate": false,
    "count": 0,
    "updated": 1521078756
  },
  {
    "id": "32e0db3c-18fc-47fa-bb9b-3e881d61773f",
    "data": [
      {
        "text": "I want to know who works in a desk",
        "userDefined": false
      }
    ],
    "isTemplate": false,
    "count": 0,
    "updated": 1521078756
  },
  {
    "id": "a0920290-abe5-4ba2-ae96-cb8127ad96b7",
    "data": [
      {
        "text": "List who works in ",
        "userDefined": false
      },
      {
        "text": "Thundercracker",
        "alias": "desk",
        "meta": "@desk",
        "userDefined": false
      }
    ],
    "isTemplate": false,
    "count": 0,
    "updated": 1521078756
  },
  {
    "id": "dce5cab5-609c-4827-96ee-a71372de7268",
    "data": [
      {
        "text": "Who can I find in ",
        "userDefined": false
      },
      {
        "text": "Thundercracker",
        "alias": "desk",
        "meta": "@desk",
        "userDefined": false
      },
      {
        "text": "?",
        "userDefined": false
      }
    ],
    "isTemplate": false,
    "count": 0,
    "updated": 1521078756
  },
  {
    "id": "f049efde-3ee5-4608-9181-86898801f8b7",
    "data": [
      {
        "text": "Who works in ",
        "userDefined": false
      },
      {
        "text": "Thundercracker",
        "alias": "desk",
        "meta": "@desk",
        "userDefined": false
      },
      {
        "text": "?",
        "userDefined": false
      }
    ],
    "isTemplate": false,
    "count": 0,
    "updated": 1521078756
  }
]